Hour,PredictedEmotion,MessageContent
2024-03-07 14:00:00,neutral,DenverDave98: GL everyone!
2024-03-07 15:00:00,caring,Giorgia : good luck everyone!
2024-03-07 15:00:00,neutral,Mayar Ha: there is no forest code?
2024-03-07 14:00:00,neutral,Nachiket Joglekar: which state @Praseeda V S
2024-03-07 14:00:00,amusement,Joanna NFPS: @Sophie Medicine what else? haha
2024-03-07 15:00:00,neutral,"Andrew Swanepoel: I have just subscribed, when are your live sessions on, everyday or sometimes? because they help me to focus and so I wanna join everytime you are live."
2024-03-07 14:00:00,remorse,"Pearl: @Joanna NFPS heyy, sorry the chat got skipped...how are u?"
2024-03-07 14:00:00,neutral,Joanna NFPS: @Pearl i thought i was just with a common cold but nope...i'm with a freakin flu looool
2024-03-07 15:00:00,neutral,nita ebrahimi: hey
2024-03-07 15:00:00,neutral,Pearl: @Joanna NFPS ..............and u're still studying!!!!!!!
2024-03-07 15:00:00,remorse,"Sanchi: @Joanna NFPS sorry to drop in your conversation but i hope u feel better, take it easy"
2024-03-07 15:00:00,neutral,Andrew Swanepoel: Is the hat behind you high school graduation hat or uni?
2024-03-07 15:00:00,gratitude,Joanna NFPS: thank u guys. i AM TRYING TO STUDY haha u guys are the best @Pearl @Sanchi
2024-03-07 15:00:00,neutral,chiba: I have like 9x20 flashcards. how should I learn them. They are all belong to the same lecture
2024-03-07 15:00:00,caring,Sanchi: @Joanna NFPS thnks doc for working hard to keep us healthy hope u get well soon‚ù£
2024-03-07 15:00:00,neutral,Aalisha : hi anyone in class10
2024-03-07 15:00:00,gratitude,Joanna NFPS: @Pearl omg thank u sm @Sophie thnk u luv. u guys are the best! GL
2024-03-07 15:00:00,neutral,Albertomg 07: hello there!
2024-03-07 15:00:00,amusement,Joanna NFPS: already on meds. i am a doctor baby hahah
2024-03-07 15:00:00,neutral,Aalisha : anyone in icse board in class10
2024-03-07 15:00:00,curiosity,"nihethings: @Joanna NFPS i have always wondered, do doctors go to doctor when they sick?"
2024-03-07 15:00:00,neutral,"i.u.: I'm memorize very seriously now, my mind starts booting for real, I got through it"
2024-03-07 15:00:00,amusement,Joanna NFPS: a very young an junior doc but nonetheless haha. yes when it's something very specific i have a neurologist bc i have epilepsy for example
2024-03-07 15:00:00,amusement,"Pearl: @Joanna NFPS ""i am a doctor baby"" is just another level flex üòÇ"
2024-03-07 15:00:00,desire,Aafia k: @Joanna NFPS cool i wanna be you when i grow up <3
2024-03-07 15:00:00,amusement,Joanna NFPS: @Pearl love u hahha. @Aafia k haha if u study hard and work hard u can be whatever u want trust me! hahha but yes we study sm and work non stop
2024-03-07 15:00:00,approval,"i.u.: since I joined ""study woth me"" live learning, I feel I just wont stop studying. I divide the curriculum into small units and session to session I'm just learning it. It's so calmy and can be done"
2024-03-07 15:00:00,joy,Joanna NFPS: @i.u Enrico helps a lot. i am so happy for u and now with a new chair nothing can stop u
2024-03-07 15:00:00,neutral,Amaan Ahmad: what is this
2024-03-07 15:00:00,neutral,Scene Kiddo: :face-blue-smiling:
2024-03-07 15:00:00,neutral,Scene Kiddo: anyonee from poland?
2024-03-07 15:00:00,neutral,Jamie Baxter: I'm in England :)
2024-03-07 15:00:00,neutral,Zenha: from uae
2024-03-07 15:00:00,neutral,RSZ: WHO'S GONNA CARRY THE BOATS AND THE LOGS
2024-03-07 15:00:00,admiration,Asian Dora: @Zenha just visited the UAE last week. Really nice! definitely wanna move there one day
2024-03-07 16:00:00,neutral,Sunca: greetings from France üòé
2024-03-07 16:00:00,neutral,"i.u.: What happened?? The time was 12 min and now it's 2 min, what the heck"
2024-03-07 16:00:00,neutral,Zenha: who all are psych major here
2024-03-07 16:00:00,neutral,Pearl: 8/10...how was it for u @Linus @Joanna NFPS
2024-03-07 15:00:00,neutral,"DenverDave98: Went to the library, no brain-fog, a solid 9/10"
2024-03-07 15:00:00,neutral,buzz: short of the day when!
2024-03-07 15:00:00,realization,nita ebrahimi: 4/10 I got distracted
2024-03-07 15:00:00,disappointment,Neon: 7/10 I'm just disappointed in myself.
2024-03-07 16:00:00,neutral,Rudy Capetta: 6/10 got distracted a bit but pulled it back
2024-03-07 15:00:00,desire,Park Minji: Looking for a study buddyüëÄ
2024-03-07 16:00:00,confusion,FOCUSMEOW: what are u all rating im confused
2024-03-07 15:00:00,neutral,Mohit Singh (SPONSOR): a 7.5 for me
2024-03-07 15:00:00,neutral,i.u.: @Pearl It was 7/10 : ) Seriously I think the timer skipped at least 8-10 min (or am I time lapsed myself)
2024-03-07 15:00:00,neutral,"Sunca: 5.6/10 did half the session, but almost finished my book! 1.7 more chapter >^<"
2024-03-07 16:00:00,neutral,Sanchi: @FOCUSMEOW our productivity in this sesh
2024-03-07 15:00:00,admiration,Intan Munir (SPONSOR): 7.5/10 good session
2024-03-07 16:00:00,neutral,i dont care: Neon real
2024-03-07 15:00:00,neutral,michelle.books.and.coffee (SPONSOR): 7/10
2024-03-07 15:00:00,neutral,TheGameLord: Finished my test today. :)
2024-03-07 16:00:00,neutral,Ekisha Srivijay: wbu guys how was you sess enrico
2024-03-07 15:00:00,sadness,Vishwas Vaidya: I‚Äôm having the worst day ever
2024-03-07 15:00:00,curiosity,FoxxxHole: hey king Enrico which football club do you support???? pls answer kingüòÅüòÅ
2024-03-07 16:00:00,neutral,Ekisha Srivijay: what happened vishwas
2024-03-07 16:00:00,neutral,Pawan: @sanchi. my exam is op
2024-03-07 16:00:00,confusion,official raj: how to study without distract
2024-03-07 16:00:00,neutral,Park Minji: @Rudy Capetta where r u from? Which class? gender?
2024-03-07 15:00:00,sadness,Prino: I also feel tired üòû And I took leave today
2024-03-07 16:00:00,neutral,Madhav Poozhikkuth: Hi there. I'm Madhav.
2024-03-07 16:00:00,admiration,Poppy- read with me: Great session!
2024-03-07 15:00:00,neutral,"Kaori ASMR (MODERATOR, SPONSOR): Stay hydrated and take fresh air guys :_enricoCathlother:"
2024-03-07 16:00:00,caring,Ekisha Srivijay: i also feel tired dont worry
2024-03-07 16:00:00,confusion,official raj: how to study without distract
2024-03-07 16:00:00,annoyance,Pawan: @sanchi. hindi. most lazy writing sub
2024-03-07 16:00:00,confusion,official raj: how to study without distract
2024-03-07 15:00:00,disappointment,FoxxxHole: bro really doesn't watch football......mommyüò≠üò≠üò≠üò≠
2024-03-07 16:00:00,neutral,Rudy Capetta: @Park Minji I'm from England. I'm a boy studying aerospace :)
2024-03-07 15:00:00,confusion,official raj: how to study without distract
2024-03-07 15:00:00,caring,Sanchi: @Pawan oh yeah most hated sub good luck u will need it for this one
2024-03-07 15:00:00,neutral,Ekisha Srivijay: best tip from moms are put down your phone
2024-03-07 15:00:00,neutral,Pawan: @samchi. how going your chemist preparation
2024-03-07 16:00:00,neutral,Park Minji: someone from india or pakistan having the same course as me
2024-03-07 15:00:00,neutral,Jamie Baxter: I'm doing my GCSEs so I've
2024-03-07 15:00:00,admiration,Asian Dora: @Rudy Capetta ayooo dude that's so cool
2024-03-07 16:00:00,neutral,Sanchi: @Pawan alright just wasted the whole day sketching will make up for it tonight
2024-03-07 16:00:00,neutral,Vijayvp88: @Park Minji 12th from india
2024-03-07 16:00:00,neutral,Zenha: @official raj put the phone away or put ask a friend or siblig to put app lock on ur phone
2024-03-07 16:00:00,disapproval,Jamie Baxter: I'm doing 9 subjects* didn't mean to send oops
2024-03-07 16:00:00,neutral,cmrg.: studying science phufffffff
2024-03-07 15:00:00,curiosity,Asian Dora: @Park Minji what do u study
2024-03-07 16:00:00,neutral,2ndcapital (SPONSOR): hello evryone m back
2024-03-07 16:00:00,neutral,Pawan: @sanchi oh which date your chemistry exam.
2024-03-07 16:00:00,caring,Ekisha Srivijay: i can help with that @park minji hw are you doing gurl
2024-03-07 16:00:00,neutral,Ekisha Srivijay: hello @pawan how are you
2024-03-07 16:00:00,neutral,Park Minji: @Ekisha Srivijay you girl? if yes then which class?
2024-03-07 16:00:00,approval,Pawan: @ekisha. i am fine wbu
2024-03-07 16:00:00,neutral,"Kaori ASMR (MODERATOR, SPONSOR): Follow the Rules please"
2024-03-07 16:00:00,neutral,Zenha: anyone studying 12th cbse living i uae here
2024-03-07 16:00:00,neutral,FoxxxHole: bro I have studied 10hrs today. its 10pm. feeling a bit tired but let's make it 11 .........just for pain..........coz I am a member of study family...... call captain coffee‚òï‚òï‚òï
2024-03-07 16:00:00,neutral,Sanchi: @Pawan guess we both will be grinding
2024-03-07 16:00:00,curiosity,esdeath 23: why do i have to speak english
2024-03-07 16:00:00,amusement,Angad Ranhotra: 10th cbse lol
2024-03-07 16:00:00,caring,Ekisha Srivijay: only 6th grade but too much pressure by parents going through a big problem so studying with enrico and you guys make me feel better
2024-03-07 16:00:00,caring,"Kaori ASMR (MODERATOR, SPONSOR): Be careful with coffee guys, try to take fresh water and fresh air"
2024-03-07 16:00:00,admiration,BATMAN : GOOD LUCK CLASS 12TH BHAIYA & DIDI FROM 10TH CLASS
2024-03-07 16:00:00,neutral,Rudy Capetta: 7th red bull today
2024-03-07 16:00:00,neutral,Sanchi: @Park Minji which class r u in sis
2024-03-07 16:00:00,annoyance,Angad Ranhotra: nah jit ssc was trash üò≠ science was so much better
2024-03-07 16:00:00,optimism,Sanchi: @Park Minji ooh im in 10th good luck with ur prep
2024-03-07 16:00:00,neutral,"Kaori ASMR (MODERATOR, SPONSOR): Guys speak in English or ill have to time you out üôÇ"
2024-03-07 16:00:00,neutral,"Reala: where are u from,guys ?"
2024-03-07 16:00:00,approval,"Kaori ASMR (MODERATOR, SPONSOR): Come on , we can follow the rules üôÇ"
2024-03-07 16:00:00,neutral,Joanna NFPS: Kaori is right...sydies show that u shouldn't drink coffee past midday or 1 am... it doesn't increase your performance and can cause trouble sleeping etc. this is only for ppl who wake up early
2024-03-07 16:00:00,neutral,Samosa (SPONSOR): exactly today's SST paper was the easiest in 7-8 years (I did previous year paper analysis)
2024-03-07 16:00:00,curiosity,Ekisha Srivijay: what are you studying @park minji sis
2024-03-07 16:00:00,neutral,"Sunca: @Kaori ASMR in and out, one two one two"
2024-03-07 16:00:00,curiosity,Get Some Coffee: what time is it in vietnam now
2024-03-07 16:00:00,neutral,"Kaori ASMR (MODERATOR, SPONSOR): @Joanna NFPS coffee indeed can be our worst enemy at some point, believe me"
2024-03-07 16:00:00,caring,lazerblock85: good luck to everyone see you in one hour
2024-03-07 16:00:00,neutral,FoxxxHole: that was cr7 OK....
2024-03-07 16:00:00,neutral,Ayoub Samy: any body from Morocco here
2024-03-07 16:00:00,caring,Sanchi: good luck peeps see in the next break
2024-03-07 16:00:00,caring,"Kaori ASMR (MODERATOR, SPONSOR): Don¬¥t abuse taking too much coffee, it can break your neves system and quality of sleep"
2024-03-07 16:00:00,neutral,Reala: where is he ?
2024-03-07 16:00:00,approval,Ekisha Srivijay: agree with kaori asmr sis
2024-03-07 16:00:00,neutral,UMUT olan biri (SPONSOR): @Turks Are Not Arabs - 1283 Your username is perfect
2024-03-07 16:00:00,neutral,"titan;) : ig i would b takin a break of 30 for dinner but to you all gl ,u too@pawan"
2024-03-07 16:00:00,neutral,"Kaori ASMR (MODERATOR, SPONSOR): @Ekisha Srivijay :_enricoCathlother:"
2024-03-07 16:00:00,approval,Joanna NFPS: @Kaori ASMR exactly! ik
2024-03-07 16:00:00,neutral,Ishan Thakur: hello guys good evening
2024-03-07 16:00:00,neutral,"cmrg.: TURKƒ∞SH GUYS ARE NOT ARABS,WE ARE COME FROM ASIA"
2024-03-07 16:00:00,neutral,UMUT olan biri (SPONSOR): @Kaori ASMR hi how are you today:_enricoPeepoheart::_enricoCathlother:
2024-03-07 16:00:00,neutral,FoxxxHole: he is in ItalyüòÅüòÅüòÅüòÅ
2024-03-07 16:00:00,neutral,Ekisha Srivijay: :yougotthis:
2024-03-07 16:00:00,neutral,i.u.: Prepare for another sess gosh ^^
2024-03-07 16:00:00,optimism,"Kaori ASMR (MODERATOR, SPONSOR): @UMUT olan biri trying to do my best üòÜ and you?"
2024-03-07 16:00:00,neutral,Get Some Coffee: gl guys see u in next break
2024-03-07 16:00:00,anger,Ayansh Anand: @Kaori ASMR how the heck can coffee break the nervous system??:face-red-droopy-eyes::face-red-droopy-eyes:
2024-03-07 16:00:00,neutral,"Joanna NFPS: i mean not the nerve systems...it increases anxiety, palpitations etc that's what Kaori means"
2024-03-07 16:00:00,caring,Intan Munir (SPONSOR): Lets go. Good luck everyone
2024-03-07 16:00:00,approval,"UMUT olan biri (SPONSOR): @Kaori ASMR I'm eliminating the limits, I think I'm limitless nowüòÖ"
2024-03-07 16:00:00,neutral,i.u.: another sess Enrico? :))
2024-03-07 16:00:00,gratitude,Reala: welcome back Enrico
2024-03-07 16:00:00,caring,Ishan Thakur: good luck everyone
2024-03-07 16:00:00,neutral,"Kaori ASMR (MODERATOR, SPONSOR): @Ayansh Anand its a way of call it not useful at some point, as Joanna said it increases anxiety"
2024-03-07 16:00:00,neutral,2ndcapital (SPONSOR): ronak bro rest well
2024-03-07 16:00:00,neutral,"Kaori ASMR (MODERATOR, SPONSOR): Coffee dicreases at some point the quality of your sleep, and if you don¬¥t sleep properly your brain will be slow and confused"
2024-03-07 16:00:00,neutral,"Kaori ASMR (MODERATOR, SPONSOR): Energy drinks are even worse! if you want to stay healthy don¬¥t drink those stuff"
2024-03-07 16:00:00,neutral,Ishan Thakur: basically I am preparing for GATE 2025
2024-03-07 16:00:00,neutral,Joanna NFPS: @Kaori ASMR preach! DAMN RIGHT
2024-03-07 16:00:00,neutral,"Kaori ASMR (MODERATOR, SPONSOR): @Ayansh Anand it¬¥s a way of talking, just be conscious about your caffeine limits"
2024-03-07 16:00:00,amusement,Jamie Baxter: is it a 10min break or 15? I can't remember haha
2024-03-07 16:00:00,gratitude,Ayansh Anand: ok thanks for the clarity
2024-03-07 16:00:00,neutral,"Joanna NFPS: exactly. just to clarify what kaori is saying is that u can drink coffee but u have to know your personal limit based on symptoms of anxiety, heart palpitations n sleep disturbances."
2024-03-07 16:00:00,neutral,RSZ: WHO'S GONNA CARRY THE BOATS AND THE LOGS
2024-03-07 16:00:00,neutral,Neon: consumption of excessive coffee can cause gastric ulcers too.
2024-03-07 16:00:00,caring,Raunak Kumar: who cares about your health and sleep just drink coffee and work like hell
2024-03-07 16:00:00,neutral,Pallipallu: any Indians here ???
2024-03-07 16:00:00,neutral,Sanchi: @RSZ at this pt im convinced bro is working as a lumberjack he carries log every day. letzz goo dude
2024-03-07 16:00:00,neutral,"cmrg.: no,I'm just a Turkish girl,I got tea,turks coffee,and raky in my blood."
2024-03-07 16:00:00,neutral,Tcoh: its 10:02 pm here
2024-03-07 16:00:00,neutral,Pawan: @tcoh. you are from India
2024-03-07 16:00:00,nervousness,doodler yux: I'm having my board's and feeling uneasy to study
2024-03-07 16:00:00,neutral,Aafia k: @doodler yux same broo but we need to study cmon just a few more days we can make it...
2024-03-07 16:00:00,neutral,WERKIT: super sleepy butgoing to power through...
2024-03-07 16:00:00,gratitude,"doodler yux: how do we reply by mentioning ,, and thanks aafia we can do it ‚ú® lets hustle"
2024-03-07 16:00:00,neutral,"kathlyn xx: gl everyone, finished my 10 sessions today"
2024-03-07 16:00:00,neutral,Jamie Baxter: don't forget to like the video for Enrico guys!
2024-03-07 16:00:00,optimism,Pawan: @doodler. same here. but we can do it
2024-03-07 16:00:00,love,Tcoh: love from India‚ù§
2024-03-07 16:00:00,neutral,Aafia k: almost half the chat is indians
2024-03-07 16:00:00,sadness,FoxxxHole: 10:38pm in Bangladesh....... I am very tired......studied 620mins today......I will chill for an hour and then sleep. bye ‚ù§Ô∏è‚Äçü©π‚ù§Ô∏è‚Äçü©π‚ù§Ô∏è‚Äçü©π
2024-03-07 16:00:00,neutral,Arvi Avni Chhabra: hi bro . how are you
2024-03-07 16:00:00,neutral,Pawan: @aafia k. hello wbu preparation
2024-03-07 16:00:00,neutral,FoxxxHole: Hey @Razan Afaneh thnx....which country brother??
2024-03-07 17:00:00,neutral,buzz: tenthies which chapter r u doing right now i am doing 3rd
2024-03-07 17:00:00,admiration,Pawan: @aafia k. they are going great.....
2024-03-07 16:00:00,admiration,FoxxxHole: @samiah akhter Bangladeshi??? @Razan Afaneh ohh beautiful country brother just like ur name‚ú®‚ú®‚ú®
2024-03-07 16:00:00,neutral,Ishan Thakur: I am from INDIA
2024-03-07 17:00:00,admiration,Razan Afaneh: @FoxxxHole u such a nice person!! its a girl name tho :)
2024-03-07 17:00:00,neutral,"Kaori ASMR (MODERATOR, SPONSOR): Guys, keep the chat in English, Rules! :yougotthis:"
2024-03-07 17:00:00,joy,üç∞ùêëùê¢ùêöùêßùêö ŸäÿµŸÑŸä ŸÖŸÜ ÿ£ÿ¨ŸÑ ŸÅŸÑÿ≥ÿ∑ŸäŸÜüçâ: @üçâÿ¨ŸÖÿßŸÜÿ© . hlw brother / sister keep the chat in english or you might get timed out ....... anyways happy studying :virtualhug::virtualhug::virtualhug:
2024-03-07 17:00:00,joy,FoxxxHole: @samiah akhter finally got someone from my country.....@Razan Afaneh that's fine even I am a boy but my name sounds like a girl name...its AritraüòÅüòÅ
2024-03-07 17:00:00,admiration,samiah akhter: nice to meet you @foxxhole
2024-03-07 17:00:00,neutral,FoxxxHole: same @sa.is akhter which class??
2024-03-07 17:00:00,caring,samiah akhter: Good night everyone üåå Study hard!
2024-03-07 17:00:00,admiration,Razan Afaneh: @FoxxxHole haha but still a nice name
2024-03-07 17:00:00,neutral,FoxxxHole: same @samia akhter which class??
2024-03-07 17:00:00,neutral,RISHI ALAPATI: is 6 in the morning for you PPL?
2024-03-07 17:00:00,admiration,Ayrissa Bindu Shafeek: @FoxxxHole broo thats such a beautiful name!!! What does it mean if u dont mind me asking?
2024-03-07 17:00:00,sadness,ŒúŒ±œÑŒπŒΩŒ± Œ†Œ±œÑœÉŒπŒøœÖ: its 7:01 pm for me im so stressed.... :(
2024-03-07 17:00:00,neutral,ABHI : why?
2024-03-07 17:00:00,neutral,RISHI ALAPATI: which country 7:00 pm?
2024-03-07 17:00:00,neutral,Sunca: it's actually 6 (18:03) in the afternoon here
2024-03-07 17:00:00,neutral,"FoxxxHole: @Ayrissa Bindu Shafeek it means someone who leads, captain. although iam an introvert. üòÅüòÅüòÅüòÅ"
2024-03-07 17:00:00,sadness,Neon: I'm having the worst sessions today. God plz help me be productive:face-purple-crying::face-purple-crying::face-purple-crying:
2024-03-07 17:00:00,neutral,Rajveer Kaur Dhillon: 6/10 got distracted
2024-03-07 17:00:00,neutral,benof: yo this hour went so fast ngl
2024-03-07 17:00:00,admiration,hannahbabess1: 8.5/10 a good session for my first one of the day
2024-03-07 17:00:00,neutral,FoxxxHole: BTW in Bengali the pronunciation of my name is o-ri-t-ro
2024-03-07 17:00:00,neutral,"Kaori ASMR (MODERATOR, SPONSOR): Let's stretch and have fresh air!! üôÇ"
2024-03-07 17:00:00,neutral,SMRUTI RANJAN PARDHI: why you are not speaking
2024-03-07 17:00:00,surprise,Regalias: 9/10 was surprised I studied that far
2024-03-07 17:00:00,nervousness,Laxmi Pal: separation anxiety is real when you are in a relationship :(
2024-03-07 17:00:00,neutral,Rohsan Islam: hi wanted to ask you you what is the laptop u have ?
2024-03-07 17:00:00,neutral,Aafia k: heyyy lets make the break interesting people umm..what is the worst pain you guys have experienced 1)physically 2)mentally ?
2024-03-07 17:00:00,neutral,"Kaori ASMR (MODERATOR, SPONSOR): Healthy is the most important always"
2024-03-07 17:00:00,neutral,buzz: take a one day break
2024-03-07 17:00:00,approval,Llama: this type of studying is really helpful cuz I passed my board exam and got a high rating!1:08‚ÄØAMbuzztake a one day bre
2024-03-07 17:00:00,neutral,Intan Munir (SPONSOR): Maybe ur a bit burnout from work
2024-03-07 17:00:00,neutral,Jaidezzy (SPONSOR): health first!
2024-03-07 17:00:00,neutral,"i.u.: Noo, pls don't finish earlier"
2024-03-07 17:00:00,neutral,SMRUTI RANJAN PARDHI: whats ur rating enrico. you pledged to increase the suffering
2024-03-07 17:00:00,approval,YM D5: I agreed
2024-03-07 17:00:00,neutral,Academic Sage : call it a day now Enrico
2024-03-07 17:00:00,neutral,Erwan Wea: Health first plssss
2024-03-07 17:00:00,sadness,FoxxxHole: bro.....u r looking deadüíÄüíÄüíÄgo chilll man.....come back stronger tomorrow‚ù§Ô∏è‚Äçü©π‚ù§Ô∏è‚Äçü©π‚ù§Ô∏è‚Äçü©π‚ù§Ô∏è‚Äçü©π
2024-03-07 17:00:00,neutral,Gabrielle Barbosa: 2/10 here. its 14:09 pm in brazil
2024-03-07 17:00:00,neutral,benof: sometimes u need a break
2024-03-07 17:00:00,caring,Palak_Faladu: take care your self‚ú®ü§ó
2024-03-07 17:00:00,neutral,Pawan: @sanchi. i think today is my last day of live
2024-03-07 17:00:00,neutral,2ndcapital (SPONSOR): no problem enrico take the break
2024-03-07 17:00:00,approval,Intan Munir (SPONSOR): Its okay. The challenge is still on even without 10 hours
2024-03-07 17:00:00,amusement,abderrahmane: i think that focus needs a lot of work lol..
2024-03-07 17:00:00,disappointment,Study Bistro: I am struggling today because my study partner isn't available :(
2024-03-07 17:00:00,neutral,i.u.: Write you thoughs in the next sess in your diary
2024-03-07 17:00:00,neutral,AmmarTalpur: songs please
2024-03-07 17:00:00,neutral,Pawan: @titan. hello bro what are you doing
2024-03-07 17:00:00,neutral,Aafia k: yeah rico just take the break
2024-03-07 17:00:00,optimism,buzz: take rest u will be more productive tomorrow
2024-03-07 17:00:00,sadness,Neon: me too. I feel so tired and unproductive
2024-03-07 17:00:00,approval,Erwan Wea: Even if you stop now it‚Äôs ok üòáüòáüòá
2024-03-07 17:00:00,neutral,Aleyna Nur Karako√ß: I need to find that chicken
2024-03-07 17:00:00,neutral,RISHI ALAPATI: i easily get distracted by phone give me tips to stay concentrated and some additional study tips btw from india
2024-03-07 17:00:00,curiosity,"Psychodelic Astronaut: Do you already have any work experience? If so, what did you do?"
2024-03-07 17:00:00,neutral,"Buraxƒ±lƒ±≈üdan 250+ bal alacam: hi,i am new at this channel.Please can you say what are yoi preparing for,what is your profession?"
2024-03-07 17:00:00,caring,"Kaori ASMR (MODERATOR, SPONSOR): Investing in your health is the best option always"
2024-03-07 17:00:00,caring,"DenverDave98: Take a break, that's the best for your health today üôÇ"
2024-03-07 17:00:00,amusement,benof: We can do 15 hours tomorrow haha
2024-03-07 17:00:00,sadness,Sanchi: @Pawan ohh noo damn thats sad but all the best for life dude hope u have good exams
2024-03-07 17:00:00,disappointment,Pearl: Even I feel a little unproductive and a but under the whether @Enrico Vincente
2024-03-07 17:00:00,neutral,i.u.: Take a 1 hour break and countinue!
2024-03-07 17:00:00,approval,"2ndcapital (SPONSOR): u deserve the break, go ahead bro"
2024-03-07 17:00:00,neutral,Aleyna Nur Karako√ß: Im going to find that chicken. BRB!!
2024-03-07 17:00:00,neutral,abderrahmane: if u need it that much..so take it and gl
2024-03-07 17:00:00,caring,Krunal Chavhan: Take Care @Enrico Vincente ‚ù§
2024-03-07 17:00:00,caring,Pawan: @sanchi. all the best for your exams and tnx
2024-03-07 17:00:00,neutral,Pearl: call it a 7.5 hr session @Enrico Vincente
2024-03-07 17:00:00,neutral,"Kaori ASMR (MODERATOR, SPONSOR): :_enricoEnricohear::_enricoEnricohear::_enricoEnricohear:"
2024-03-07 17:00:00,optimism,Neon: call it 8 hrs it's fine. call it a day bro. we will do better tomorrow
2024-03-07 17:00:00,curiosity,"Buraxƒ±lƒ±≈üdan 250+ bal alacam: hi,what is your profession?"
2024-03-07 17:00:00,admiration,peace: take a break. you are the best!!
2024-03-07 17:00:00,curiosity,Jos√© Alberto: how do i join strict cam ?
2024-03-07 17:00:00,optimism,Daria : i hope tomorrow you will come back stronger than ever
2024-03-07 17:00:00,caring,Trisita mahanty: take a break becoz u have other days to complete the challenge if u are not ok today then if will affect other days take care
2024-03-07 17:00:00,curiosity,MB: what are your symptoms?
2024-03-07 17:00:00,caring,FoxxxHole: those who are forcing him to continue come on bro have some mercy. He is ill‚ù§Ô∏è‚Äçü©π‚ù§Ô∏è‚Äçü©π
2024-03-07 17:00:00,neutral,Erwan Wea: Free Enrico health fiiiirst
2024-03-07 17:00:00,desire,RISHI ALAPATI: I need some study tips and not get distracted btw from india.
2024-03-07 17:00:00,neutral,Pawan: @sanchi. we cannot talk in any social media?
2024-03-07 17:00:00,approval,buzz: its normal its been more than 50 days
2024-03-07 17:00:00,caring,"Summer Dream: have a rest, it's alright"
2024-03-07 17:00:00,neutral,Pearl: call it a 7.5 hr session @Enrico Vincente
2024-03-07 17:00:00,neutral,Sanchi: @Pawan hmmm thnks mann u on dc
2024-03-07 17:00:00,neutral,litttle clown: i'm new here and also I fink that you should take a rest :face-red-heart-shape:
2024-03-07 17:00:00,caring,i.u.: Go to the balcony and take a fresh air
2024-03-07 17:00:00,caring,"Academic Sage : Take care of yourself Enrico. Take the rest of the day off, do something fun, and rest"
2024-03-07 17:00:00,neutral,"Intan Munir (SPONSOR): I mean, you use to take break days before. Now is everyday, so its okay to call it in early"
2024-03-07 17:00:00,neutral,"Kaori ASMR (MODERATOR, SPONSOR): Don't think twice and rest please"
2024-03-07 17:00:00,neutral,"Hamza Essam: take break ,tomorrow we need to study 14 hrüôÇ"
2024-03-07 17:00:00,neutral,"bloom: health comes first, you're not a robot"
2024-03-07 17:00:00,curiosity,Jos√© Alberto: how do i join strict cam ?
2024-03-07 17:00:00,caring,"Ay≈üe Bilge Ketancƒ±: just take a break, its the right thing to do"
2024-03-07 17:00:00,caring,Buraxƒ±lƒ±≈üdan 250+ bal alacam: you really need to take a break bro!
2024-03-07 17:00:00,caring,Aafia k: dude just go to bed!!! u need some rest. its okay to feel exhausted sometimes we are humans..
2024-03-07 17:00:00,caring,Radesh L: take care bro
2024-03-07 17:00:00,remorse,Neon: hope it's not my comment that caused you to feel depressed. I'm so sorry if it was:face-purple-crying::face-purple-crying::face-purple-crying:
2024-03-07 17:00:00,optimism,"lara brunori: Please go rest and hopefully, you'll feel back to normal by tomorrow üôÇ"
2024-03-07 17:00:00,neutral,RISHI ALAPATI: I need some study tips I am getting distracted easily btw from india.
2024-03-07 17:00:00,neutral,litttle clown: i'm new here and also I fink that you should take a rest face-red-heart-shape
2024-03-07 17:00:00,neutral,Violet_salana: yea that's why i asked cause sometimes its the consequence of lack of sleep
2024-03-07 17:00:00,desire,Pearl: WE WANT TO SEE YOU AGAIN TOMORROW.....PLS TAKE REST SO THAT YOU ARE ENERGIZED FOR TOMORROW
2024-03-07 17:00:00,neutral,buzz: missing 2-3 sessions wont hurt
2024-03-07 17:00:00,disapproval,Buraxƒ±lƒ±≈üdan 250+ bal alacam: this is not healthy for you.
2024-03-07 17:00:00,remorse,"Ana Clara Ferreira (SPONSOR): I'm sorry I'm not on discord, I'm sick"
2024-03-07 17:00:00,neutral,Razan Afaneh: health comes first
2024-03-07 17:00:00,neutral,RISHI ALAPATI: I need some study tips I am getting distracted easily btw I am from India
2024-03-07 17:00:00,neutral,Pawan: health is first bro
2024-03-07 17:00:00,curiosity,i.u.: And what happened if you not alright tomorrow too?
2024-03-07 17:00:00,curiosity,Buraxƒ±lƒ±≈üdan 250+ bal alacam: what is your profession?
2024-03-07 17:00:00,caring,adeeb sadique: you're our motivation enrico take care of urself rewrd urself its been 50+ days
2024-03-07 17:00:00,neutral,Anitha Mohanram: how to join on the discord
2024-03-07 17:00:00,caring,"bloom: you're an inspirational rolemodel, so you gotta take care of yourself first"
2024-03-07 17:00:00,optimism,Neon: alright then good luck enrico. I'll be off myself. see you tomorrow:person-turqouise-waving::person-turqouise-waving:. hope God helps me be double productive of today
2024-03-07 17:00:00,neutral,Pearl: Call it 7.5 hrs stream @Enrico Vincente
2024-03-07 17:00:00,neutral,MEDSTUDENT: maybe do half session then call it a day
2024-03-07 17:00:00,neutral,Violet_salana: @RISHI ALAPATI maybe you're scrolling too much on your phone cause it reduces concentration
2024-03-07 17:00:00,caring,michelle.books.and.coffee (SPONSOR): take care of yourself. Hope you feel better soon :_enricoLovefam:
2024-03-07 17:00:00,neutral,dan kemo: Go and watch a movie
2024-03-07 17:00:00,excitement,Palak_Faladu: it's my birthday ‚ú®üíï
2024-03-07 17:00:00,neutral,"Razan Afaneh: ""6 sess study with me"""
2024-03-07 17:00:00,neutral,"Kaori ASMR (MODERATOR, SPONSOR): Take fresh air, relaxt, stay in bedddd"
2024-03-07 17:00:00,neutral,Aafia k: play musicccc
2024-03-07 17:00:00,neutral,Pawan: @sanchii. i say you we can talk in any social medial as a friend but according to your
2024-03-07 17:00:00,approval,"Ana Clara Ferreira (SPONSOR): I don't think so, it's an exception, 12 hours is good"
2024-03-07 17:00:00,neutral,Erwan Wea: Yesss 8h ‚ú®üèÜ
2024-03-07 17:00:00,gratitude,Laxmi Pal: thanks for today enrico
2024-03-07 17:00:00,neutral,Pawan: today live are end
2024-03-07 17:00:00,neutral,i.u.: Go to the air Enrico
2024-03-07 17:00:00,caring,Laxmi Pal: take care<3 ‚ù§ ‚ù§
2024-03-07 17:00:00,caring,Ane: Get rest and come back stronger
2024-03-07 17:00:00,gratitude,"Ana Indigo: get well, thank you Enrico"
2024-03-07 17:00:00,curiosity,Joanna NFPS: what happened?
2024-03-07 17:00:00,caring,Jhonel Tejada: Take care!
2024-03-07 17:00:00,caring,Razan Afaneh: TAKE CARE OUR FRIEND!!!!
2024-03-07 17:00:00,neutral,adeeb sadique: btw watched the short the 3rd time it is short yes but we do need a change in formate from time to time ryt
2024-03-07 17:00:00,neutral,Ana Clara Ferreira (SPONSOR): We need you
2024-03-07 17:00:00,neutral,Intan Munir (SPONSOR): Good night and see you tomorrow
2024-03-07 17:00:00,caring,Albertomg 07: bye! take care
2024-03-07 17:00:00,admiration,Aradhya Srivastava: bye enrico you are the best
2024-03-07 17:00:00,caring,michelle.books.and.coffee (SPONSOR): Get well :_enricoLovefam: see you tomorrow
2024-03-07 17:00:00,joy,bloom: happy to see you again tomorrow!!
2024-03-07 17:00:00,neutral,Pawan: we can talk next live of Enrico which alread start @sanchi
2024-03-07 17:00:00,caring,"veronica St (SPONSOR): take care enrico, have a good night"
2024-03-07 17:00:00,gratitude,"Bree, not the cheese: Thanks! Take a break, your body needs it."
2024-03-07 17:00:00,caring,FAü§ç (SPONSOR): rest well
2024-03-07 17:00:00,caring,Hamza Essam: take care bro
2024-03-07 17:00:00,caring,"Summer Dream: Byee, take care Enrico"
2024-03-07 17:00:00,neutral,Joanna NFPS: Pearlll byee
2024-03-07 17:00:00,neutral,2ndcapital (SPONSOR): bye bye enrico we will come back stronger tmrw
2024-03-07 17:00:00,caring,Vishwas Vaidya: good night brother üò≠
2024-03-07 17:00:00,neutral,"Ana Clara Ferreira (SPONSOR): Folks, like the stream"
2024-03-07 17:00:00,surprise,Aarti Tripathi: omg it has ended I just came to join
2024-03-07 17:00:00,neutral,i.u.: Bye @Pearl @Joanna NFPS Enrico and everybody
2024-03-07 17:00:00,caring,"Ana Indigo: dont worry, first recover"
2024-03-07 17:00:00,neutral,adeeb sadique: byee see ya tomorrow....sure why not
2024-03-07 17:00:00,curiosity,Joanna NFPS: what happened with Enrico?
2024-03-07 17:00:00,caring,meow meow: good bye enrico hope you have a good rest
2024-03-07 17:00:00,optimism,Joanna NFPS: i hope he gets the rest he deserves
2024-03-07 17:00:00,caring,Jhonel Tejada: Good night! Take care!
2024-03-07 17:00:00,optimism,meow meow: bye friends hope yall have the best day
2024-03-07 17:00:00,love,"Joanna NFPS: pearl, i.u., ana, i am forgetting someone but u know who u are love u"
